<application>
  <component name="MaterialThemeConfig">
    <option name="compactFields" value="true" />
    <option name="compactMenus" value="true" />
    <option name="compactStatusBar" value="true" />
    <option name="compactTables" value="true" />
    <option name="customTreeIndentEnabled" value="true" />
    <option name="compactDropdowns" value="true" />
    <option name="compactSidebar" value="true" />
    <option name="fileStatusColorsEnabled" value="false" />
    <option name="isCompactMenus" value="true" />
    <option name="isCompactStatusBar" value="true" />
    <option name="isCompactTables" value="true" />
    <option name="isCompactFields" value="true" />
    <option name="isCustomTreeIndentEnabled" value="true" />
    <option name="pristineConfig" value="false" />
    <option name="customSidebarHeight" value="20" />
    <option name="customListItemsSize" value="20" />
    <option name="leftTreeIndent" value="4" />
    <option name="rightTreeIndent" value="4" />
    <option name="settingsSelectedTab" value="4" />
    <option name="tabsHeight" value="20" />
    <option name="accentColor" value="5294e2" />
    <option name="selectedTheme" value="ARC_DARK" />
    <option name="userId" value="-2ad0d636:1823ee355ac:-8000" />
  </component>
</application>