<application>
  <component name="AppStorage">
    <histories>
      <item value="The result is that two threads are running concurrently: the current thread (which returns from the call to the" />
      <item value="do nothing. If start0 threw a Throwable then it will be passed up the call stack" />
      <item value="Notify the group that this thread is about to be started so that it can be added to the group's list of threads and the group's unstarted count can be decremented." />
      <item value="This method is not invoked for the main method thread or &quot;system&quot; group threads createdset up by the VM. Any new functionality added to this method in the future may have to also be added to the VM. A zero status value corresponds to state &quot;NEW&quot;." />
      <item value="Causes this thread to begin execution; the Java Virtual Machine calls the run method of this thread. The result is that two threads are running concurrently: the current thread (which returns from the call to the start method) and the other thread (which executes its run method). It is never legal to start a thread more than once. In particular, a thread may not be restarted once it has completed execution. 抛出: IllegalThreadStateException – if the thread was already started. 请参阅: run(), stop()" />
      <item value="Recursively sort halves of dest into src" />
      <item value="Allocates a new {@code String} that contains characters from a subarray of the character array argument. The {@code offset} argument is the index of the first character of the subarray and the {@code count} argument specifies the length of the subarray. The contents of the subarray are copied; subsequent modification of the character array does not affect the newly created string. @param value Array that is the source of characters @param offset The initial offset @param count The length @throws IndexOutOfBoundsException If the {@code offset} and {@code count} arguments index characters outside the bounds of the {@code value} array" />
    </histories>
    <option name="languageScores">
      <map>
        <entry key="CHINESE" value="5" />
        <entry key="ENGLISH" value="6" />
      </map>
    </option>
  </component>
  <component name="Cache">
    <option name="lastTrimTime" value="1637074471176" />
  </component>
  <component name="Settings">
    <option name="translateDocumentation" value="true" />
  </component>
</application>