<keymap version="1" name="Windows 副本" parent="$default">
  <action id="Generate">
    <keyboard-shortcut first-keystroke="alt insert" />
    <keyboard-shortcut first-keystroke="alt i" />
  </action>
  <action id="Graph.ZoomIn">
    <keyboard-shortcut first-keystroke="add" />
    <keyboard-shortcut first-keystroke="equals" />
    <mouse-shortcut keystroke="control button143" />
  </action>
  <action id="Graph.ZoomOut">
    <keyboard-shortcut first-keystroke="subtract" />
    <keyboard-shortcut first-keystroke="minus" />
    <mouse-shortcut keystroke="control button142" />
  </action>
</keymap>