<application>
  <component name="Registry">
    <entry key="ide.balloon.shadow.size" value="0" />
    <entry key="ide.experimental.ui" value="true" />
    <entry key="debugger.new.tool.window.layout" value="true" />
    <entry key="ide.editor.tab.selection.animation" value="true" />
    <entry key="ide.new.editor.tabs.vertical.borders" value="true" />
    <entry key="editor.focus.mode.color.light" value="a2a2a2" />
    <entry key="editor.focus.mode.color.dark" value="a2a2a2" />
  </component>
  <component name="StatusBar">
    <option name="widgets">
      <map>
        <entry key="PowerSaveMode" value="true" />
        <entry key="webDeployment.default.server.widget" value="false" />
      </map>
    </option>
  </component>
</application>