<application>
  <component name="ProjectJdkTable">
    <jdk version="2">
      <name value="1.8" />
      <type value="JavaSDK" />
      <version value="java version &quot;1.8.0_301&quot;" />
      <homePath value="C:/MySoftware/Environment/Java/jdk1.8.0_301" />
      <roots>
        <annotationsPath>
          <root type="composite">
            <root url="jar://$APPLICATION_HOME_DIR$/plugins/java/lib/jdkAnnotations.jar!/" type="simple" />
            <root url="jar://$APPLICATION_HOME_DIR$/plugins/java/lib/resources/jdkAnnotations.jar!/" type="simple" />
          </root>
        </annotationsPath>
        <classPath>
          <root type="composite">
            <root url="jar://C:/MySoftware/Environment/Java/jdk1.8.0_301/jre/lib/charsets.jar!/" type="simple" />
            <root url="jar://C:/MySoftware/Environment/Java/jdk1.8.0_301/jre/lib/deploy.jar!/" type="simple" />
            <root url="jar://C:/MySoftware/Environment/Java/jdk1.8.0_301/jre/lib/ext/access-bridge-64.jar!/" type="simple" />
            <root url="jar://C:/MySoftware/Environment/Java/jdk1.8.0_301/jre/lib/ext/cldrdata.jar!/" type="simple" />
            <root url="jar://C:/MySoftware/Environment/Java/jdk1.8.0_301/jre/lib/ext/dnsns.jar!/" type="simple" />
            <root url="jar://C:/MySoftware/Environment/Java/jdk1.8.0_301/jre/lib/ext/jaccess.jar!/" type="simple" />
            <root url="jar://C:/MySoftware/Environment/Java/jdk1.8.0_301/jre/lib/ext/jfxrt.jar!/" type="simple" />
            <root url="jar://C:/MySoftware/Environment/Java/jdk1.8.0_301/jre/lib/ext/localedata.jar!/" type="simple" />
            <root url="jar://C:/MySoftware/Environment/Java/jdk1.8.0_301/jre/lib/ext/nashorn.jar!/" type="simple" />
            <root url="jar://C:/MySoftware/Environment/Java/jdk1.8.0_301/jre/lib/ext/sunec.jar!/" type="simple" />
            <root url="jar://C:/MySoftware/Environment/Java/jdk1.8.0_301/jre/lib/ext/sunjce_provider.jar!/" type="simple" />
            <root url="jar://C:/MySoftware/Environment/Java/jdk1.8.0_301/jre/lib/ext/sunmscapi.jar!/" type="simple" />
            <root url="jar://C:/MySoftware/Environment/Java/jdk1.8.0_301/jre/lib/ext/sunpkcs11.jar!/" type="simple" />
            <root url="jar://C:/MySoftware/Environment/Java/jdk1.8.0_301/jre/lib/ext/zipfs.jar!/" type="simple" />
            <root url="jar://C:/MySoftware/Environment/Java/jdk1.8.0_301/jre/lib/javaws.jar!/" type="simple" />
            <root url="jar://C:/MySoftware/Environment/Java/jdk1.8.0_301/jre/lib/jce.jar!/" type="simple" />
            <root url="jar://C:/MySoftware/Environment/Java/jdk1.8.0_301/jre/lib/jfr.jar!/" type="simple" />
            <root url="jar://C:/MySoftware/Environment/Java/jdk1.8.0_301/jre/lib/jfxswt.jar!/" type="simple" />
            <root url="jar://C:/MySoftware/Environment/Java/jdk1.8.0_301/jre/lib/jsse.jar!/" type="simple" />
            <root url="jar://C:/MySoftware/Environment/Java/jdk1.8.0_301/jre/lib/management-agent.jar!/" type="simple" />
            <root url="jar://C:/MySoftware/Environment/Java/jdk1.8.0_301/jre/lib/plugin.jar!/" type="simple" />
            <root url="jar://C:/MySoftware/Environment/Java/jdk1.8.0_301/jre/lib/resources.jar!/" type="simple" />
            <root url="jar://C:/MySoftware/Environment/Java/jdk1.8.0_301/jre/lib/rt.jar!/" type="simple" />
          </root>
        </classPath>
        <javadocPath>
          <root type="composite" />
        </javadocPath>
        <sourcePath>
          <root type="composite">
            <root url="jar://C:/MySoftware/Environment/Java/jdk1.8.0_301/src.zip!/" type="simple" />
            <root url="jar://C:/MySoftware/Environment/Java/jdk1.8.0_301/javafx-src.zip!/" type="simple" />
          </root>
        </sourcePath>
      </roots>
      <additional />
    </jdk>
    <jdk version="2">
      <name value="jbr-11" />
      <type value="JavaSDK" />
      <version value="JetBrains Runtime version 11.0.12" />
      <homePath value="$APPLICATION_HOME_DIR$/jbr" />
      <roots>
        <annotationsPath>
          <root type="composite">
            <root url="jar://$APPLICATION_HOME_DIR$/plugins/java/lib/jdkAnnotations.jar!/" type="simple" />
          </root>
        </annotationsPath>
        <classPath>
          <root type="composite">
            <root url="jrt://C:/Program Files/JetBrains/IntelliJ IDEA 2021.2.2/jbr!/gluegen.rt" type="simple" />
            <root url="jrt://C:/Program Files/JetBrains/IntelliJ IDEA 2021.2.2/jbr!/java.base" type="simple" />
            <root url="jrt://C:/Program Files/JetBrains/IntelliJ IDEA 2021.2.2/jbr!/java.compiler" type="simple" />
            <root url="jrt://C:/Program Files/JetBrains/IntelliJ IDEA 2021.2.2/jbr!/java.datatransfer" type="simple" />
            <root url="jrt://C:/Program Files/JetBrains/IntelliJ IDEA 2021.2.2/jbr!/java.desktop" type="simple" />
            <root url="jrt://C:/Program Files/JetBrains/IntelliJ IDEA 2021.2.2/jbr!/java.instrument" type="simple" />
            <root url="jrt://C:/Program Files/JetBrains/IntelliJ IDEA 2021.2.2/jbr!/java.logging" type="simple" />
            <root url="jrt://C:/Program Files/JetBrains/IntelliJ IDEA 2021.2.2/jbr!/java.management" type="simple" />
            <root url="jrt://C:/Program Files/JetBrains/IntelliJ IDEA 2021.2.2/jbr!/java.management.rmi" type="simple" />
            <root url="jrt://C:/Program Files/JetBrains/IntelliJ IDEA 2021.2.2/jbr!/java.naming" type="simple" />
            <root url="jrt://C:/Program Files/JetBrains/IntelliJ IDEA 2021.2.2/jbr!/java.net.http" type="simple" />
            <root url="jrt://C:/Program Files/JetBrains/IntelliJ IDEA 2021.2.2/jbr!/java.prefs" type="simple" />
            <root url="jrt://C:/Program Files/JetBrains/IntelliJ IDEA 2021.2.2/jbr!/java.rmi" type="simple" />
            <root url="jrt://C:/Program Files/JetBrains/IntelliJ IDEA 2021.2.2/jbr!/java.scripting" type="simple" />
            <root url="jrt://C:/Program Files/JetBrains/IntelliJ IDEA 2021.2.2/jbr!/java.se" type="simple" />
            <root url="jrt://C:/Program Files/JetBrains/IntelliJ IDEA 2021.2.2/jbr!/java.security.jgss" type="simple" />
            <root url="jrt://C:/Program Files/JetBrains/IntelliJ IDEA 2021.2.2/jbr!/java.security.sasl" type="simple" />
            <root url="jrt://C:/Program Files/JetBrains/IntelliJ IDEA 2021.2.2/jbr!/java.smartcardio" type="simple" />
            <root url="jrt://C:/Program Files/JetBrains/IntelliJ IDEA 2021.2.2/jbr!/java.sql" type="simple" />
            <root url="jrt://C:/Program Files/JetBrains/IntelliJ IDEA 2021.2.2/jbr!/java.sql.rowset" type="simple" />
            <root url="jrt://C:/Program Files/JetBrains/IntelliJ IDEA 2021.2.2/jbr!/java.transaction.xa" type="simple" />
            <root url="jrt://C:/Program Files/JetBrains/IntelliJ IDEA 2021.2.2/jbr!/java.xml" type="simple" />
            <root url="jrt://C:/Program Files/JetBrains/IntelliJ IDEA 2021.2.2/jbr!/java.xml.crypto" type="simple" />
            <root url="jrt://C:/Program Files/JetBrains/IntelliJ IDEA 2021.2.2/jbr!/jcef" type="simple" />
            <root url="jrt://C:/Program Files/JetBrains/IntelliJ IDEA 2021.2.2/jbr!/jdk.accessibility" type="simple" />
            <root url="jrt://C:/Program Files/JetBrains/IntelliJ IDEA 2021.2.2/jbr!/jdk.aot" type="simple" />
            <root url="jrt://C:/Program Files/JetBrains/IntelliJ IDEA 2021.2.2/jbr!/jdk.attach" type="simple" />
            <root url="jrt://C:/Program Files/JetBrains/IntelliJ IDEA 2021.2.2/jbr!/jdk.charsets" type="simple" />
            <root url="jrt://C:/Program Files/JetBrains/IntelliJ IDEA 2021.2.2/jbr!/jdk.compiler" type="simple" />
            <root url="jrt://C:/Program Files/JetBrains/IntelliJ IDEA 2021.2.2/jbr!/jdk.crypto.cryptoki" type="simple" />
            <root url="jrt://C:/Program Files/JetBrains/IntelliJ IDEA 2021.2.2/jbr!/jdk.crypto.ec" type="simple" />
            <root url="jrt://C:/Program Files/JetBrains/IntelliJ IDEA 2021.2.2/jbr!/jdk.dynalink" type="simple" />
            <root url="jrt://C:/Program Files/JetBrains/IntelliJ IDEA 2021.2.2/jbr!/jdk.hotspot.agent" type="simple" />
            <root url="jrt://C:/Program Files/JetBrains/IntelliJ IDEA 2021.2.2/jbr!/jdk.httpserver" type="simple" />
            <root url="jrt://C:/Program Files/JetBrains/IntelliJ IDEA 2021.2.2/jbr!/jdk.internal.ed" type="simple" />
            <root url="jrt://C:/Program Files/JetBrains/IntelliJ IDEA 2021.2.2/jbr!/jdk.internal.jvmstat" type="simple" />
            <root url="jrt://C:/Program Files/JetBrains/IntelliJ IDEA 2021.2.2/jbr!/jdk.internal.le" type="simple" />
            <root url="jrt://C:/Program Files/JetBrains/IntelliJ IDEA 2021.2.2/jbr!/jdk.internal.vm.ci" type="simple" />
            <root url="jrt://C:/Program Files/JetBrains/IntelliJ IDEA 2021.2.2/jbr!/jdk.internal.vm.compiler" type="simple" />
            <root url="jrt://C:/Program Files/JetBrains/IntelliJ IDEA 2021.2.2/jbr!/jdk.internal.vm.compiler.management" type="simple" />
            <root url="jrt://C:/Program Files/JetBrains/IntelliJ IDEA 2021.2.2/jbr!/jdk.jcmd" type="simple" />
            <root url="jrt://C:/Program Files/JetBrains/IntelliJ IDEA 2021.2.2/jbr!/jdk.jdi" type="simple" />
            <root url="jrt://C:/Program Files/JetBrains/IntelliJ IDEA 2021.2.2/jbr!/jdk.jdwp.agent" type="simple" />
            <root url="jrt://C:/Program Files/JetBrains/IntelliJ IDEA 2021.2.2/jbr!/jdk.jfr" type="simple" />
            <root url="jrt://C:/Program Files/JetBrains/IntelliJ IDEA 2021.2.2/jbr!/jdk.jsobject" type="simple" />
            <root url="jrt://C:/Program Files/JetBrains/IntelliJ IDEA 2021.2.2/jbr!/jdk.localedata" type="simple" />
            <root url="jrt://C:/Program Files/JetBrains/IntelliJ IDEA 2021.2.2/jbr!/jdk.management" type="simple" />
            <root url="jrt://C:/Program Files/JetBrains/IntelliJ IDEA 2021.2.2/jbr!/jdk.management.agent" type="simple" />
            <root url="jrt://C:/Program Files/JetBrains/IntelliJ IDEA 2021.2.2/jbr!/jdk.management.jfr" type="simple" />
            <root url="jrt://C:/Program Files/JetBrains/IntelliJ IDEA 2021.2.2/jbr!/jdk.naming.dns" type="simple" />
            <root url="jrt://C:/Program Files/JetBrains/IntelliJ IDEA 2021.2.2/jbr!/jdk.naming.rmi" type="simple" />
            <root url="jrt://C:/Program Files/JetBrains/IntelliJ IDEA 2021.2.2/jbr!/jdk.net" type="simple" />
            <root url="jrt://C:/Program Files/JetBrains/IntelliJ IDEA 2021.2.2/jbr!/jdk.pack" type="simple" />
            <root url="jrt://C:/Program Files/JetBrains/IntelliJ IDEA 2021.2.2/jbr!/jdk.scripting.nashorn" type="simple" />
            <root url="jrt://C:/Program Files/JetBrains/IntelliJ IDEA 2021.2.2/jbr!/jdk.scripting.nashorn.shell" type="simple" />
            <root url="jrt://C:/Program Files/JetBrains/IntelliJ IDEA 2021.2.2/jbr!/jdk.sctp" type="simple" />
            <root url="jrt://C:/Program Files/JetBrains/IntelliJ IDEA 2021.2.2/jbr!/jdk.security.auth" type="simple" />
            <root url="jrt://C:/Program Files/JetBrains/IntelliJ IDEA 2021.2.2/jbr!/jdk.security.jgss" type="simple" />
            <root url="jrt://C:/Program Files/JetBrains/IntelliJ IDEA 2021.2.2/jbr!/jdk.unsupported" type="simple" />
            <root url="jrt://C:/Program Files/JetBrains/IntelliJ IDEA 2021.2.2/jbr!/jdk.xml.dom" type="simple" />
            <root url="jrt://C:/Program Files/JetBrains/IntelliJ IDEA 2021.2.2/jbr!/jdk.zipfs" type="simple" />
            <root url="jrt://C:/Program Files/JetBrains/IntelliJ IDEA 2021.2.2/jbr!/jogl.all" type="simple" />
          </root>
        </classPath>
        <javadocPath>
          <root type="composite">
            <root url="https://docs.oracle.com/en/java/javase/11/docs/api/" type="simple" />
          </root>
        </javadocPath>
        <sourcePath>
          <root type="composite" />
        </sourcePath>
      </roots>
      <additional />
    </jdk>
    <jdk version="2">
      <name value="Android API 31 Platform" />
      <type value="Android SDK" />
      <version value="JetBrains Runtime version 11.0.12" />
      <homePath value="D:/Android/Sdk" />
      <roots>
        <annotationsPath>
          <root type="composite">
            <root url="jar://D:/Android/Sdk/platforms/android-31/data/annotations.zip!/" type="simple" />
          </root>
        </annotationsPath>
        <classPath>
          <root type="composite">
            <root url="jar://D:/Android/Sdk/platforms/android-31/android.jar!/" type="simple" />
            <root url="file://D:/Android/Sdk/platforms/android-31/data/res" type="simple" />
          </root>
        </classPath>
        <javadocPath>
          <root type="composite" />
        </javadocPath>
        <sourcePath>
          <root type="composite">
            <root url="file://D:/Android/Sdk/sources/android-31" type="simple" />
          </root>
        </sourcePath>
      </roots>
      <additional jdk="jbr-11" sdk="android-31" />
    </jdk>
    <jdk version="2">
      <name value="Kotlin SDK" />
      <type value="KotlinSDK" />
      <homePath value="" />
      <roots>
        <annotationsPath>
          <root type="composite" />
        </annotationsPath>
        <classPath>
          <root type="composite" />
        </classPath>
        <javadocPath>
          <root type="composite" />
        </javadocPath>
        <sourcePath>
          <root type="composite" />
        </sourcePath>
      </roots>
      <additional />
    </jdk>
    <jdk version="2">
      <name value="17" />
      <type value="JavaSDK" />
      <version value="Oracle OpenJDK version 17.0.5" />
      <homePath value="C:/MySoftware/Environment/Java/jdk-17.0.5" />
      <roots>
        <annotationsPath>
          <root type="composite">
            <root url="jar://$APPLICATION_HOME_DIR$/plugins/java/lib/resources/jdkAnnotations.jar!/" type="simple" />
          </root>
        </annotationsPath>
        <classPath>
          <root type="composite">
            <root url="jrt://C:/MySoftware/Environment/Java/jdk-17.0.5!/java.base" type="simple" />
            <root url="jrt://C:/MySoftware/Environment/Java/jdk-17.0.5!/java.compiler" type="simple" />
            <root url="jrt://C:/MySoftware/Environment/Java/jdk-17.0.5!/java.datatransfer" type="simple" />
            <root url="jrt://C:/MySoftware/Environment/Java/jdk-17.0.5!/java.desktop" type="simple" />
            <root url="jrt://C:/MySoftware/Environment/Java/jdk-17.0.5!/java.instrument" type="simple" />
            <root url="jrt://C:/MySoftware/Environment/Java/jdk-17.0.5!/java.logging" type="simple" />
            <root url="jrt://C:/MySoftware/Environment/Java/jdk-17.0.5!/java.management" type="simple" />
            <root url="jrt://C:/MySoftware/Environment/Java/jdk-17.0.5!/java.management.rmi" type="simple" />
            <root url="jrt://C:/MySoftware/Environment/Java/jdk-17.0.5!/java.naming" type="simple" />
            <root url="jrt://C:/MySoftware/Environment/Java/jdk-17.0.5!/java.net.http" type="simple" />
            <root url="jrt://C:/MySoftware/Environment/Java/jdk-17.0.5!/java.prefs" type="simple" />
            <root url="jrt://C:/MySoftware/Environment/Java/jdk-17.0.5!/java.rmi" type="simple" />
            <root url="jrt://C:/MySoftware/Environment/Java/jdk-17.0.5!/java.scripting" type="simple" />
            <root url="jrt://C:/MySoftware/Environment/Java/jdk-17.0.5!/java.se" type="simple" />
            <root url="jrt://C:/MySoftware/Environment/Java/jdk-17.0.5!/java.security.jgss" type="simple" />
            <root url="jrt://C:/MySoftware/Environment/Java/jdk-17.0.5!/java.security.sasl" type="simple" />
            <root url="jrt://C:/MySoftware/Environment/Java/jdk-17.0.5!/java.smartcardio" type="simple" />
            <root url="jrt://C:/MySoftware/Environment/Java/jdk-17.0.5!/java.sql" type="simple" />
            <root url="jrt://C:/MySoftware/Environment/Java/jdk-17.0.5!/java.sql.rowset" type="simple" />
            <root url="jrt://C:/MySoftware/Environment/Java/jdk-17.0.5!/java.transaction.xa" type="simple" />
            <root url="jrt://C:/MySoftware/Environment/Java/jdk-17.0.5!/java.xml" type="simple" />
            <root url="jrt://C:/MySoftware/Environment/Java/jdk-17.0.5!/java.xml.crypto" type="simple" />
            <root url="jrt://C:/MySoftware/Environment/Java/jdk-17.0.5!/jdk.accessibility" type="simple" />
            <root url="jrt://C:/MySoftware/Environment/Java/jdk-17.0.5!/jdk.attach" type="simple" />
            <root url="jrt://C:/MySoftware/Environment/Java/jdk-17.0.5!/jdk.charsets" type="simple" />
            <root url="jrt://C:/MySoftware/Environment/Java/jdk-17.0.5!/jdk.compiler" type="simple" />
            <root url="jrt://C:/MySoftware/Environment/Java/jdk-17.0.5!/jdk.crypto.cryptoki" type="simple" />
            <root url="jrt://C:/MySoftware/Environment/Java/jdk-17.0.5!/jdk.crypto.ec" type="simple" />
            <root url="jrt://C:/MySoftware/Environment/Java/jdk-17.0.5!/jdk.crypto.mscapi" type="simple" />
            <root url="jrt://C:/MySoftware/Environment/Java/jdk-17.0.5!/jdk.dynalink" type="simple" />
            <root url="jrt://C:/MySoftware/Environment/Java/jdk-17.0.5!/jdk.editpad" type="simple" />
            <root url="jrt://C:/MySoftware/Environment/Java/jdk-17.0.5!/jdk.hotspot.agent" type="simple" />
            <root url="jrt://C:/MySoftware/Environment/Java/jdk-17.0.5!/jdk.httpserver" type="simple" />
            <root url="jrt://C:/MySoftware/Environment/Java/jdk-17.0.5!/jdk.incubator.foreign" type="simple" />
            <root url="jrt://C:/MySoftware/Environment/Java/jdk-17.0.5!/jdk.incubator.vector" type="simple" />
            <root url="jrt://C:/MySoftware/Environment/Java/jdk-17.0.5!/jdk.internal.ed" type="simple" />
            <root url="jrt://C:/MySoftware/Environment/Java/jdk-17.0.5!/jdk.internal.jvmstat" type="simple" />
            <root url="jrt://C:/MySoftware/Environment/Java/jdk-17.0.5!/jdk.internal.le" type="simple" />
            <root url="jrt://C:/MySoftware/Environment/Java/jdk-17.0.5!/jdk.internal.opt" type="simple" />
            <root url="jrt://C:/MySoftware/Environment/Java/jdk-17.0.5!/jdk.internal.vm.ci" type="simple" />
            <root url="jrt://C:/MySoftware/Environment/Java/jdk-17.0.5!/jdk.internal.vm.compiler" type="simple" />
            <root url="jrt://C:/MySoftware/Environment/Java/jdk-17.0.5!/jdk.internal.vm.compiler.management" type="simple" />
            <root url="jrt://C:/MySoftware/Environment/Java/jdk-17.0.5!/jdk.jartool" type="simple" />
            <root url="jrt://C:/MySoftware/Environment/Java/jdk-17.0.5!/jdk.javadoc" type="simple" />
            <root url="jrt://C:/MySoftware/Environment/Java/jdk-17.0.5!/jdk.jcmd" type="simple" />
            <root url="jrt://C:/MySoftware/Environment/Java/jdk-17.0.5!/jdk.jconsole" type="simple" />
            <root url="jrt://C:/MySoftware/Environment/Java/jdk-17.0.5!/jdk.jdeps" type="simple" />
            <root url="jrt://C:/MySoftware/Environment/Java/jdk-17.0.5!/jdk.jdi" type="simple" />
            <root url="jrt://C:/MySoftware/Environment/Java/jdk-17.0.5!/jdk.jdwp.agent" type="simple" />
            <root url="jrt://C:/MySoftware/Environment/Java/jdk-17.0.5!/jdk.jfr" type="simple" />
            <root url="jrt://C:/MySoftware/Environment/Java/jdk-17.0.5!/jdk.jlink" type="simple" />
            <root url="jrt://C:/MySoftware/Environment/Java/jdk-17.0.5!/jdk.jpackage" type="simple" />
            <root url="jrt://C:/MySoftware/Environment/Java/jdk-17.0.5!/jdk.jshell" type="simple" />
            <root url="jrt://C:/MySoftware/Environment/Java/jdk-17.0.5!/jdk.jsobject" type="simple" />
            <root url="jrt://C:/MySoftware/Environment/Java/jdk-17.0.5!/jdk.jstatd" type="simple" />
            <root url="jrt://C:/MySoftware/Environment/Java/jdk-17.0.5!/jdk.localedata" type="simple" />
            <root url="jrt://C:/MySoftware/Environment/Java/jdk-17.0.5!/jdk.management" type="simple" />
            <root url="jrt://C:/MySoftware/Environment/Java/jdk-17.0.5!/jdk.management.agent" type="simple" />
            <root url="jrt://C:/MySoftware/Environment/Java/jdk-17.0.5!/jdk.management.jfr" type="simple" />
            <root url="jrt://C:/MySoftware/Environment/Java/jdk-17.0.5!/jdk.naming.dns" type="simple" />
            <root url="jrt://C:/MySoftware/Environment/Java/jdk-17.0.5!/jdk.naming.rmi" type="simple" />
            <root url="jrt://C:/MySoftware/Environment/Java/jdk-17.0.5!/jdk.net" type="simple" />
            <root url="jrt://C:/MySoftware/Environment/Java/jdk-17.0.5!/jdk.nio.mapmode" type="simple" />
            <root url="jrt://C:/MySoftware/Environment/Java/jdk-17.0.5!/jdk.random" type="simple" />
            <root url="jrt://C:/MySoftware/Environment/Java/jdk-17.0.5!/jdk.sctp" type="simple" />
            <root url="jrt://C:/MySoftware/Environment/Java/jdk-17.0.5!/jdk.security.auth" type="simple" />
            <root url="jrt://C:/MySoftware/Environment/Java/jdk-17.0.5!/jdk.security.jgss" type="simple" />
            <root url="jrt://C:/MySoftware/Environment/Java/jdk-17.0.5!/jdk.unsupported" type="simple" />
            <root url="jrt://C:/MySoftware/Environment/Java/jdk-17.0.5!/jdk.unsupported.desktop" type="simple" />
            <root url="jrt://C:/MySoftware/Environment/Java/jdk-17.0.5!/jdk.xml.dom" type="simple" />
            <root url="jrt://C:/MySoftware/Environment/Java/jdk-17.0.5!/jdk.zipfs" type="simple" />
          </root>
        </classPath>
        <javadocPath>
          <root type="composite" />
        </javadocPath>
        <sourcePath>
          <root type="composite">
            <root url="jar://C:/MySoftware/Environment/Java/jdk-17.0.5/lib/src.zip!/java.se" type="simple" />
            <root url="jar://C:/MySoftware/Environment/Java/jdk-17.0.5/lib/src.zip!/jdk.jdi" type="simple" />
            <root url="jar://C:/MySoftware/Environment/Java/jdk-17.0.5/lib/src.zip!/jdk.jfr" type="simple" />
            <root url="jar://C:/MySoftware/Environment/Java/jdk-17.0.5/lib/src.zip!/jdk.net" type="simple" />
            <root url="jar://C:/MySoftware/Environment/Java/jdk-17.0.5/lib/src.zip!/java.rmi" type="simple" />
            <root url="jar://C:/MySoftware/Environment/Java/jdk-17.0.5/lib/src.zip!/java.sql" type="simple" />
            <root url="jar://C:/MySoftware/Environment/Java/jdk-17.0.5/lib/src.zip!/java.xml" type="simple" />
            <root url="jar://C:/MySoftware/Environment/Java/jdk-17.0.5/lib/src.zip!/jdk.jcmd" type="simple" />
            <root url="jar://C:/MySoftware/Environment/Java/jdk-17.0.5/lib/src.zip!/jdk.sctp" type="simple" />
            <root url="jar://C:/MySoftware/Environment/Java/jdk-17.0.5/lib/src.zip!/java.base" type="simple" />
            <root url="jar://C:/MySoftware/Environment/Java/jdk-17.0.5/lib/src.zip!/jdk.jdeps" type="simple" />
            <root url="jar://C:/MySoftware/Environment/Java/jdk-17.0.5/lib/src.zip!/jdk.jlink" type="simple" />
            <root url="jar://C:/MySoftware/Environment/Java/jdk-17.0.5/lib/src.zip!/jdk.zipfs" type="simple" />
            <root url="jar://C:/MySoftware/Environment/Java/jdk-17.0.5/lib/src.zip!/java.prefs" type="simple" />
            <root url="jar://C:/MySoftware/Environment/Java/jdk-17.0.5/lib/src.zip!/jdk.attach" type="simple" />
            <root url="jar://C:/MySoftware/Environment/Java/jdk-17.0.5/lib/src.zip!/jdk.jshell" type="simple" />
            <root url="jar://C:/MySoftware/Environment/Java/jdk-17.0.5/lib/src.zip!/jdk.jstatd" type="simple" />
            <root url="jar://C:/MySoftware/Environment/Java/jdk-17.0.5/lib/src.zip!/jdk.random" type="simple" />
            <root url="jar://C:/MySoftware/Environment/Java/jdk-17.0.5/lib/src.zip!/java.naming" type="simple" />
            <root url="jar://C:/MySoftware/Environment/Java/jdk-17.0.5/lib/src.zip!/jdk.editpad" type="simple" />
            <root url="jar://C:/MySoftware/Environment/Java/jdk-17.0.5/lib/src.zip!/jdk.jartool" type="simple" />
            <root url="jar://C:/MySoftware/Environment/Java/jdk-17.0.5/lib/src.zip!/jdk.javadoc" type="simple" />
            <root url="jar://C:/MySoftware/Environment/Java/jdk-17.0.5/lib/src.zip!/jdk.xml.dom" type="simple" />
            <root url="jar://C:/MySoftware/Environment/Java/jdk-17.0.5/lib/src.zip!/java.desktop" type="simple" />
            <root url="jar://C:/MySoftware/Environment/Java/jdk-17.0.5/lib/src.zip!/java.logging" type="simple" />
            <root url="jar://C:/MySoftware/Environment/Java/jdk-17.0.5/lib/src.zip!/jdk.charsets" type="simple" />
            <root url="jar://C:/MySoftware/Environment/Java/jdk-17.0.5/lib/src.zip!/jdk.compiler" type="simple" />
            <root url="jar://C:/MySoftware/Environment/Java/jdk-17.0.5/lib/src.zip!/jdk.dynalink" type="simple" />
            <root url="jar://C:/MySoftware/Environment/Java/jdk-17.0.5/lib/src.zip!/jdk.jconsole" type="simple" />
            <root url="jar://C:/MySoftware/Environment/Java/jdk-17.0.5/lib/src.zip!/jdk.jpackage" type="simple" />
            <root url="jar://C:/MySoftware/Environment/Java/jdk-17.0.5/lib/src.zip!/jdk.jsobject" type="simple" />
            <root url="jar://C:/MySoftware/Environment/Java/jdk-17.0.5/lib/src.zip!/java.compiler" type="simple" />
            <root url="jar://C:/MySoftware/Environment/Java/jdk-17.0.5/lib/src.zip!/java.net.http" type="simple" />
            <root url="jar://C:/MySoftware/Environment/Java/jdk-17.0.5/lib/src.zip!/jdk.crypto.ec" type="simple" />
            <root url="jar://C:/MySoftware/Environment/Java/jdk-17.0.5/lib/src.zip!/java.scripting" type="simple" />
            <root url="jar://C:/MySoftware/Environment/Java/jdk-17.0.5/lib/src.zip!/jdk.httpserver" type="simple" />
            <root url="jar://C:/MySoftware/Environment/Java/jdk-17.0.5/lib/src.zip!/jdk.jdwp.agent" type="simple" />
            <root url="jar://C:/MySoftware/Environment/Java/jdk-17.0.5/lib/src.zip!/jdk.localedata" type="simple" />
            <root url="jar://C:/MySoftware/Environment/Java/jdk-17.0.5/lib/src.zip!/jdk.management" type="simple" />
            <root url="jar://C:/MySoftware/Environment/Java/jdk-17.0.5/lib/src.zip!/jdk.naming.dns" type="simple" />
            <root url="jar://C:/MySoftware/Environment/Java/jdk-17.0.5/lib/src.zip!/jdk.naming.rmi" type="simple" />
            <root url="jar://C:/MySoftware/Environment/Java/jdk-17.0.5/lib/src.zip!/java.instrument" type="simple" />
            <root url="jar://C:/MySoftware/Environment/Java/jdk-17.0.5/lib/src.zip!/java.management" type="simple" />
            <root url="jar://C:/MySoftware/Environment/Java/jdk-17.0.5/lib/src.zip!/java.sql.rowset" type="simple" />
            <root url="jar://C:/MySoftware/Environment/Java/jdk-17.0.5/lib/src.zip!/java.xml.crypto" type="simple" />
            <root url="jar://C:/MySoftware/Environment/Java/jdk-17.0.5/lib/src.zip!/jdk.internal.ed" type="simple" />
            <root url="jar://C:/MySoftware/Environment/Java/jdk-17.0.5/lib/src.zip!/jdk.internal.le" type="simple" />
            <root url="jar://C:/MySoftware/Environment/Java/jdk-17.0.5/lib/src.zip!/jdk.nio.mapmode" type="simple" />
            <root url="jar://C:/MySoftware/Environment/Java/jdk-17.0.5/lib/src.zip!/jdk.unsupported" type="simple" />
            <root url="jar://C:/MySoftware/Environment/Java/jdk-17.0.5/lib/src.zip!/java.smartcardio" type="simple" />
            <root url="jar://C:/MySoftware/Environment/Java/jdk-17.0.5/lib/src.zip!/jdk.internal.opt" type="simple" />
            <root url="jar://C:/MySoftware/Environment/Java/jdk-17.0.5/lib/src.zip!/java.datatransfer" type="simple" />
            <root url="jar://C:/MySoftware/Environment/Java/jdk-17.0.5/lib/src.zip!/jdk.accessibility" type="simple" />
            <root url="jar://C:/MySoftware/Environment/Java/jdk-17.0.5/lib/src.zip!/jdk.crypto.mscapi" type="simple" />
            <root url="jar://C:/MySoftware/Environment/Java/jdk-17.0.5/lib/src.zip!/jdk.hotspot.agent" type="simple" />
            <root url="jar://C:/MySoftware/Environment/Java/jdk-17.0.5/lib/src.zip!/jdk.security.auth" type="simple" />
            <root url="jar://C:/MySoftware/Environment/Java/jdk-17.0.5/lib/src.zip!/jdk.security.jgss" type="simple" />
            <root url="jar://C:/MySoftware/Environment/Java/jdk-17.0.5/lib/src.zip!/java.security.jgss" type="simple" />
            <root url="jar://C:/MySoftware/Environment/Java/jdk-17.0.5/lib/src.zip!/java.security.sasl" type="simple" />
            <root url="jar://C:/MySoftware/Environment/Java/jdk-17.0.5/lib/src.zip!/jdk.internal.vm.ci" type="simple" />
            <root url="jar://C:/MySoftware/Environment/Java/jdk-17.0.5/lib/src.zip!/jdk.management.jfr" type="simple" />
            <root url="jar://C:/MySoftware/Environment/Java/jdk-17.0.5/lib/src.zip!/java.management.rmi" type="simple" />
            <root url="jar://C:/MySoftware/Environment/Java/jdk-17.0.5/lib/src.zip!/java.transaction.xa" type="simple" />
            <root url="jar://C:/MySoftware/Environment/Java/jdk-17.0.5/lib/src.zip!/jdk.crypto.cryptoki" type="simple" />
            <root url="jar://C:/MySoftware/Environment/Java/jdk-17.0.5/lib/src.zip!/jdk.incubator.vector" type="simple" />
            <root url="jar://C:/MySoftware/Environment/Java/jdk-17.0.5/lib/src.zip!/jdk.internal.jvmstat" type="simple" />
            <root url="jar://C:/MySoftware/Environment/Java/jdk-17.0.5/lib/src.zip!/jdk.management.agent" type="simple" />
            <root url="jar://C:/MySoftware/Environment/Java/jdk-17.0.5/lib/src.zip!/jdk.incubator.foreign" type="simple" />
            <root url="jar://C:/MySoftware/Environment/Java/jdk-17.0.5/lib/src.zip!/jdk.unsupported.desktop" type="simple" />
            <root url="jar://C:/MySoftware/Environment/Java/jdk-17.0.5/lib/src.zip!/jdk.internal.vm.compiler" type="simple" />
            <root url="jar://C:/MySoftware/Environment/Java/jdk-17.0.5/lib/src.zip!/jdk.internal.vm.compiler.management" type="simple" />
          </root>
        </sourcePath>
      </roots>
      <additional />
    </jdk>
    <jdk version="2">
      <name value="graalvm-17" />
      <type value="JavaSDK" />
      <version value="GraalVM version 17.0.4" />
      <homePath value="C:/MySoftware/Environment/Java/graalvm-ce-java17-22.2.0" />
      <roots>
        <annotationsPath>
          <root type="composite">
            <root url="jar://$APPLICATION_HOME_DIR$/plugins/java/lib/resources/jdkAnnotations.jar!/" type="simple" />
          </root>
        </annotationsPath>
        <classPath>
          <root type="composite">
            <root url="jrt://C:/MySoftware/Environment/Java/graalvm-ce-java17-22.2.0!/com.oracle.graal.graal_enterprise" type="simple" />
            <root url="jrt://C:/MySoftware/Environment/Java/graalvm-ce-java17-22.2.0!/com.oracle.svm.svm_enterprise" type="simple" />
            <root url="jrt://C:/MySoftware/Environment/Java/graalvm-ce-java17-22.2.0!/com.oracle.svm_enterprise.ml_dataset" type="simple" />
            <root url="jrt://C:/MySoftware/Environment/Java/graalvm-ce-java17-22.2.0!/com.oracle.truffle.regex" type="simple" />
            <root url="jrt://C:/MySoftware/Environment/Java/graalvm-ce-java17-22.2.0!/com.oracle.truffle.truffle_nfi" type="simple" />
            <root url="jrt://C:/MySoftware/Environment/Java/graalvm-ce-java17-22.2.0!/com.oracle.truffle.truffle_nfi_libffi" type="simple" />
            <root url="jrt://C:/MySoftware/Environment/Java/graalvm-ce-java17-22.2.0!/java.base" type="simple" />
            <root url="jrt://C:/MySoftware/Environment/Java/graalvm-ce-java17-22.2.0!/java.compiler" type="simple" />
            <root url="jrt://C:/MySoftware/Environment/Java/graalvm-ce-java17-22.2.0!/java.datatransfer" type="simple" />
            <root url="jrt://C:/MySoftware/Environment/Java/graalvm-ce-java17-22.2.0!/java.desktop" type="simple" />
            <root url="jrt://C:/MySoftware/Environment/Java/graalvm-ce-java17-22.2.0!/java.instrument" type="simple" />
            <root url="jrt://C:/MySoftware/Environment/Java/graalvm-ce-java17-22.2.0!/java.logging" type="simple" />
            <root url="jrt://C:/MySoftware/Environment/Java/graalvm-ce-java17-22.2.0!/java.management" type="simple" />
            <root url="jrt://C:/MySoftware/Environment/Java/graalvm-ce-java17-22.2.0!/java.management.rmi" type="simple" />
            <root url="jrt://C:/MySoftware/Environment/Java/graalvm-ce-java17-22.2.0!/java.naming" type="simple" />
            <root url="jrt://C:/MySoftware/Environment/Java/graalvm-ce-java17-22.2.0!/java.net.http" type="simple" />
            <root url="jrt://C:/MySoftware/Environment/Java/graalvm-ce-java17-22.2.0!/java.prefs" type="simple" />
            <root url="jrt://C:/MySoftware/Environment/Java/graalvm-ce-java17-22.2.0!/java.rmi" type="simple" />
            <root url="jrt://C:/MySoftware/Environment/Java/graalvm-ce-java17-22.2.0!/java.scripting" type="simple" />
            <root url="jrt://C:/MySoftware/Environment/Java/graalvm-ce-java17-22.2.0!/java.se" type="simple" />
            <root url="jrt://C:/MySoftware/Environment/Java/graalvm-ce-java17-22.2.0!/java.security.jgss" type="simple" />
            <root url="jrt://C:/MySoftware/Environment/Java/graalvm-ce-java17-22.2.0!/java.security.sasl" type="simple" />
            <root url="jrt://C:/MySoftware/Environment/Java/graalvm-ce-java17-22.2.0!/java.smartcardio" type="simple" />
            <root url="jrt://C:/MySoftware/Environment/Java/graalvm-ce-java17-22.2.0!/java.sql" type="simple" />
            <root url="jrt://C:/MySoftware/Environment/Java/graalvm-ce-java17-22.2.0!/java.sql.rowset" type="simple" />
            <root url="jrt://C:/MySoftware/Environment/Java/graalvm-ce-java17-22.2.0!/java.transaction.xa" type="simple" />
            <root url="jrt://C:/MySoftware/Environment/Java/graalvm-ce-java17-22.2.0!/java.xml" type="simple" />
            <root url="jrt://C:/MySoftware/Environment/Java/graalvm-ce-java17-22.2.0!/java.xml.crypto" type="simple" />
            <root url="jrt://C:/MySoftware/Environment/Java/graalvm-ce-java17-22.2.0!/jdk.accessibility" type="simple" />
            <root url="jrt://C:/MySoftware/Environment/Java/graalvm-ce-java17-22.2.0!/jdk.attach" type="simple" />
            <root url="jrt://C:/MySoftware/Environment/Java/graalvm-ce-java17-22.2.0!/jdk.charsets" type="simple" />
            <root url="jrt://C:/MySoftware/Environment/Java/graalvm-ce-java17-22.2.0!/jdk.compiler" type="simple" />
            <root url="jrt://C:/MySoftware/Environment/Java/graalvm-ce-java17-22.2.0!/jdk.crypto.cryptoki" type="simple" />
            <root url="jrt://C:/MySoftware/Environment/Java/graalvm-ce-java17-22.2.0!/jdk.crypto.ec" type="simple" />
            <root url="jrt://C:/MySoftware/Environment/Java/graalvm-ce-java17-22.2.0!/jdk.crypto.mscapi" type="simple" />
            <root url="jrt://C:/MySoftware/Environment/Java/graalvm-ce-java17-22.2.0!/jdk.dynalink" type="simple" />
            <root url="jrt://C:/MySoftware/Environment/Java/graalvm-ce-java17-22.2.0!/jdk.editpad" type="simple" />
            <root url="jrt://C:/MySoftware/Environment/Java/graalvm-ce-java17-22.2.0!/jdk.hotspot.agent" type="simple" />
            <root url="jrt://C:/MySoftware/Environment/Java/graalvm-ce-java17-22.2.0!/jdk.httpserver" type="simple" />
            <root url="jrt://C:/MySoftware/Environment/Java/graalvm-ce-java17-22.2.0!/jdk.incubator.foreign" type="simple" />
            <root url="jrt://C:/MySoftware/Environment/Java/graalvm-ce-java17-22.2.0!/jdk.incubator.vector" type="simple" />
            <root url="jrt://C:/MySoftware/Environment/Java/graalvm-ce-java17-22.2.0!/jdk.internal.ed" type="simple" />
            <root url="jrt://C:/MySoftware/Environment/Java/graalvm-ce-java17-22.2.0!/jdk.internal.jvmstat" type="simple" />
            <root url="jrt://C:/MySoftware/Environment/Java/graalvm-ce-java17-22.2.0!/jdk.internal.le" type="simple" />
            <root url="jrt://C:/MySoftware/Environment/Java/graalvm-ce-java17-22.2.0!/jdk.internal.opt" type="simple" />
            <root url="jrt://C:/MySoftware/Environment/Java/graalvm-ce-java17-22.2.0!/jdk.internal.vm.ci" type="simple" />
            <root url="jrt://C:/MySoftware/Environment/Java/graalvm-ce-java17-22.2.0!/jdk.internal.vm.compiler" type="simple" />
            <root url="jrt://C:/MySoftware/Environment/Java/graalvm-ce-java17-22.2.0!/jdk.internal.vm.compiler.management" type="simple" />
            <root url="jrt://C:/MySoftware/Environment/Java/graalvm-ce-java17-22.2.0!/jdk.internal.vm.compiler.truffle.jfr" type="simple" />
            <root url="jrt://C:/MySoftware/Environment/Java/graalvm-ce-java17-22.2.0!/jdk.jartool" type="simple" />
            <root url="jrt://C:/MySoftware/Environment/Java/graalvm-ce-java17-22.2.0!/jdk.javadoc" type="simple" />
            <root url="jrt://C:/MySoftware/Environment/Java/graalvm-ce-java17-22.2.0!/jdk.jcmd" type="simple" />
            <root url="jrt://C:/MySoftware/Environment/Java/graalvm-ce-java17-22.2.0!/jdk.jconsole" type="simple" />
            <root url="jrt://C:/MySoftware/Environment/Java/graalvm-ce-java17-22.2.0!/jdk.jdeps" type="simple" />
            <root url="jrt://C:/MySoftware/Environment/Java/graalvm-ce-java17-22.2.0!/jdk.jdi" type="simple" />
            <root url="jrt://C:/MySoftware/Environment/Java/graalvm-ce-java17-22.2.0!/jdk.jdwp.agent" type="simple" />
            <root url="jrt://C:/MySoftware/Environment/Java/graalvm-ce-java17-22.2.0!/jdk.jfr" type="simple" />
            <root url="jrt://C:/MySoftware/Environment/Java/graalvm-ce-java17-22.2.0!/jdk.jlink" type="simple" />
            <root url="jrt://C:/MySoftware/Environment/Java/graalvm-ce-java17-22.2.0!/jdk.jpackage" type="simple" />
            <root url="jrt://C:/MySoftware/Environment/Java/graalvm-ce-java17-22.2.0!/jdk.jshell" type="simple" />
            <root url="jrt://C:/MySoftware/Environment/Java/graalvm-ce-java17-22.2.0!/jdk.jsobject" type="simple" />
            <root url="jrt://C:/MySoftware/Environment/Java/graalvm-ce-java17-22.2.0!/jdk.jstatd" type="simple" />
            <root url="jrt://C:/MySoftware/Environment/Java/graalvm-ce-java17-22.2.0!/jdk.localedata" type="simple" />
            <root url="jrt://C:/MySoftware/Environment/Java/graalvm-ce-java17-22.2.0!/jdk.management" type="simple" />
            <root url="jrt://C:/MySoftware/Environment/Java/graalvm-ce-java17-22.2.0!/jdk.management.agent" type="simple" />
            <root url="jrt://C:/MySoftware/Environment/Java/graalvm-ce-java17-22.2.0!/jdk.management.jfr" type="simple" />
            <root url="jrt://C:/MySoftware/Environment/Java/graalvm-ce-java17-22.2.0!/jdk.naming.dns" type="simple" />
            <root url="jrt://C:/MySoftware/Environment/Java/graalvm-ce-java17-22.2.0!/jdk.naming.rmi" type="simple" />
            <root url="jrt://C:/MySoftware/Environment/Java/graalvm-ce-java17-22.2.0!/jdk.net" type="simple" />
            <root url="jrt://C:/MySoftware/Environment/Java/graalvm-ce-java17-22.2.0!/jdk.nio.mapmode" type="simple" />
            <root url="jrt://C:/MySoftware/Environment/Java/graalvm-ce-java17-22.2.0!/jdk.random" type="simple" />
            <root url="jrt://C:/MySoftware/Environment/Java/graalvm-ce-java17-22.2.0!/jdk.sctp" type="simple" />
            <root url="jrt://C:/MySoftware/Environment/Java/graalvm-ce-java17-22.2.0!/jdk.security.auth" type="simple" />
            <root url="jrt://C:/MySoftware/Environment/Java/graalvm-ce-java17-22.2.0!/jdk.security.jgss" type="simple" />
            <root url="jrt://C:/MySoftware/Environment/Java/graalvm-ce-java17-22.2.0!/jdk.unsupported" type="simple" />
            <root url="jrt://C:/MySoftware/Environment/Java/graalvm-ce-java17-22.2.0!/jdk.unsupported.desktop" type="simple" />
            <root url="jrt://C:/MySoftware/Environment/Java/graalvm-ce-java17-22.2.0!/jdk.xml.dom" type="simple" />
            <root url="jrt://C:/MySoftware/Environment/Java/graalvm-ce-java17-22.2.0!/jdk.zipfs" type="simple" />
            <root url="jrt://C:/MySoftware/Environment/Java/graalvm-ce-java17-22.2.0!/org.graalvm.locator" type="simple" />
            <root url="jrt://C:/MySoftware/Environment/Java/graalvm-ce-java17-22.2.0!/org.graalvm.nativeimage.junitsupport" type="simple" />
            <root url="jrt://C:/MySoftware/Environment/Java/graalvm-ce-java17-22.2.0!/org.graalvm.nativeimage.llvm" type="simple" />
            <root url="jrt://C:/MySoftware/Environment/Java/graalvm-ce-java17-22.2.0!/org.graalvm.sdk" type="simple" />
            <root url="jrt://C:/MySoftware/Environment/Java/graalvm-ce-java17-22.2.0!/org.graalvm.truffle" type="simple" />
          </root>
        </classPath>
        <javadocPath>
          <root type="composite" />
        </javadocPath>
        <sourcePath>
          <root type="composite">
            <root url="jar://C:/MySoftware/Environment/Java/graalvm-ce-java17-22.2.0/lib/src.zip!/java.se" type="simple" />
            <root url="jar://C:/MySoftware/Environment/Java/graalvm-ce-java17-22.2.0/lib/src.zip!/jdk.jdi" type="simple" />
            <root url="jar://C:/MySoftware/Environment/Java/graalvm-ce-java17-22.2.0/lib/src.zip!/jdk.jfr" type="simple" />
            <root url="jar://C:/MySoftware/Environment/Java/graalvm-ce-java17-22.2.0/lib/src.zip!/jdk.net" type="simple" />
            <root url="jar://C:/MySoftware/Environment/Java/graalvm-ce-java17-22.2.0/lib/src.zip!/java.rmi" type="simple" />
            <root url="jar://C:/MySoftware/Environment/Java/graalvm-ce-java17-22.2.0/lib/src.zip!/java.sql" type="simple" />
            <root url="jar://C:/MySoftware/Environment/Java/graalvm-ce-java17-22.2.0/lib/src.zip!/java.xml" type="simple" />
            <root url="jar://C:/MySoftware/Environment/Java/graalvm-ce-java17-22.2.0/lib/src.zip!/jdk.jcmd" type="simple" />
            <root url="jar://C:/MySoftware/Environment/Java/graalvm-ce-java17-22.2.0/lib/src.zip!/jdk.sctp" type="simple" />
            <root url="jar://C:/MySoftware/Environment/Java/graalvm-ce-java17-22.2.0/lib/src.zip!/java.base" type="simple" />
            <root url="jar://C:/MySoftware/Environment/Java/graalvm-ce-java17-22.2.0/lib/src.zip!/jdk.jdeps" type="simple" />
            <root url="jar://C:/MySoftware/Environment/Java/graalvm-ce-java17-22.2.0/lib/src.zip!/jdk.jlink" type="simple" />
            <root url="jar://C:/MySoftware/Environment/Java/graalvm-ce-java17-22.2.0/lib/src.zip!/jdk.zipfs" type="simple" />
            <root url="jar://C:/MySoftware/Environment/Java/graalvm-ce-java17-22.2.0/lib/src.zip!/java.prefs" type="simple" />
            <root url="jar://C:/MySoftware/Environment/Java/graalvm-ce-java17-22.2.0/lib/src.zip!/jdk.attach" type="simple" />
            <root url="jar://C:/MySoftware/Environment/Java/graalvm-ce-java17-22.2.0/lib/src.zip!/jdk.jshell" type="simple" />
            <root url="jar://C:/MySoftware/Environment/Java/graalvm-ce-java17-22.2.0/lib/src.zip!/jdk.jstatd" type="simple" />
            <root url="jar://C:/MySoftware/Environment/Java/graalvm-ce-java17-22.2.0/lib/src.zip!/jdk.random" type="simple" />
            <root url="jar://C:/MySoftware/Environment/Java/graalvm-ce-java17-22.2.0/lib/src.zip!/java.naming" type="simple" />
            <root url="jar://C:/MySoftware/Environment/Java/graalvm-ce-java17-22.2.0/lib/src.zip!/jdk.editpad" type="simple" />
            <root url="jar://C:/MySoftware/Environment/Java/graalvm-ce-java17-22.2.0/lib/src.zip!/jdk.jartool" type="simple" />
            <root url="jar://C:/MySoftware/Environment/Java/graalvm-ce-java17-22.2.0/lib/src.zip!/jdk.javadoc" type="simple" />
            <root url="jar://C:/MySoftware/Environment/Java/graalvm-ce-java17-22.2.0/lib/src.zip!/jdk.xml.dom" type="simple" />
            <root url="jar://C:/MySoftware/Environment/Java/graalvm-ce-java17-22.2.0/lib/src.zip!/java.desktop" type="simple" />
            <root url="jar://C:/MySoftware/Environment/Java/graalvm-ce-java17-22.2.0/lib/src.zip!/java.logging" type="simple" />
            <root url="jar://C:/MySoftware/Environment/Java/graalvm-ce-java17-22.2.0/lib/src.zip!/jdk.charsets" type="simple" />
            <root url="jar://C:/MySoftware/Environment/Java/graalvm-ce-java17-22.2.0/lib/src.zip!/jdk.compiler" type="simple" />
            <root url="jar://C:/MySoftware/Environment/Java/graalvm-ce-java17-22.2.0/lib/src.zip!/jdk.dynalink" type="simple" />
            <root url="jar://C:/MySoftware/Environment/Java/graalvm-ce-java17-22.2.0/lib/src.zip!/jdk.jconsole" type="simple" />
            <root url="jar://C:/MySoftware/Environment/Java/graalvm-ce-java17-22.2.0/lib/src.zip!/jdk.jpackage" type="simple" />
            <root url="jar://C:/MySoftware/Environment/Java/graalvm-ce-java17-22.2.0/lib/src.zip!/jdk.jsobject" type="simple" />
            <root url="jar://C:/MySoftware/Environment/Java/graalvm-ce-java17-22.2.0/lib/src.zip!/java.compiler" type="simple" />
            <root url="jar://C:/MySoftware/Environment/Java/graalvm-ce-java17-22.2.0/lib/src.zip!/java.net.http" type="simple" />
            <root url="jar://C:/MySoftware/Environment/Java/graalvm-ce-java17-22.2.0/lib/src.zip!/jdk.crypto.ec" type="simple" />
            <root url="jar://C:/MySoftware/Environment/Java/graalvm-ce-java17-22.2.0/lib/src.zip!/java.scripting" type="simple" />
            <root url="jar://C:/MySoftware/Environment/Java/graalvm-ce-java17-22.2.0/lib/src.zip!/jdk.httpserver" type="simple" />
            <root url="jar://C:/MySoftware/Environment/Java/graalvm-ce-java17-22.2.0/lib/src.zip!/jdk.jdwp.agent" type="simple" />
            <root url="jar://C:/MySoftware/Environment/Java/graalvm-ce-java17-22.2.0/lib/src.zip!/jdk.localedata" type="simple" />
            <root url="jar://C:/MySoftware/Environment/Java/graalvm-ce-java17-22.2.0/lib/src.zip!/jdk.management" type="simple" />
            <root url="jar://C:/MySoftware/Environment/Java/graalvm-ce-java17-22.2.0/lib/src.zip!/jdk.naming.dns" type="simple" />
            <root url="jar://C:/MySoftware/Environment/Java/graalvm-ce-java17-22.2.0/lib/src.zip!/jdk.naming.rmi" type="simple" />
            <root url="jar://C:/MySoftware/Environment/Java/graalvm-ce-java17-22.2.0/lib/src.zip!/java.instrument" type="simple" />
            <root url="jar://C:/MySoftware/Environment/Java/graalvm-ce-java17-22.2.0/lib/src.zip!/java.management" type="simple" />
            <root url="jar://C:/MySoftware/Environment/Java/graalvm-ce-java17-22.2.0/lib/src.zip!/java.sql.rowset" type="simple" />
            <root url="jar://C:/MySoftware/Environment/Java/graalvm-ce-java17-22.2.0/lib/src.zip!/java.xml.crypto" type="simple" />
            <root url="jar://C:/MySoftware/Environment/Java/graalvm-ce-java17-22.2.0/lib/src.zip!/jdk.internal.ed" type="simple" />
            <root url="jar://C:/MySoftware/Environment/Java/graalvm-ce-java17-22.2.0/lib/src.zip!/jdk.internal.le" type="simple" />
            <root url="jar://C:/MySoftware/Environment/Java/graalvm-ce-java17-22.2.0/lib/src.zip!/jdk.nio.mapmode" type="simple" />
            <root url="jar://C:/MySoftware/Environment/Java/graalvm-ce-java17-22.2.0/lib/src.zip!/jdk.unsupported" type="simple" />
            <root url="jar://C:/MySoftware/Environment/Java/graalvm-ce-java17-22.2.0/lib/src.zip!/org.graalvm.sdk" type="simple" />
            <root url="jar://C:/MySoftware/Environment/Java/graalvm-ce-java17-22.2.0/lib/src.zip!/java.smartcardio" type="simple" />
            <root url="jar://C:/MySoftware/Environment/Java/graalvm-ce-java17-22.2.0/lib/src.zip!/jdk.internal.opt" type="simple" />
            <root url="jar://C:/MySoftware/Environment/Java/graalvm-ce-java17-22.2.0/lib/src.zip!/java.datatransfer" type="simple" />
            <root url="jar://C:/MySoftware/Environment/Java/graalvm-ce-java17-22.2.0/lib/src.zip!/jdk.accessibility" type="simple" />
            <root url="jar://C:/MySoftware/Environment/Java/graalvm-ce-java17-22.2.0/lib/src.zip!/jdk.crypto.mscapi" type="simple" />
            <root url="jar://C:/MySoftware/Environment/Java/graalvm-ce-java17-22.2.0/lib/src.zip!/jdk.hotspot.agent" type="simple" />
            <root url="jar://C:/MySoftware/Environment/Java/graalvm-ce-java17-22.2.0/lib/src.zip!/jdk.security.auth" type="simple" />
            <root url="jar://C:/MySoftware/Environment/Java/graalvm-ce-java17-22.2.0/lib/src.zip!/jdk.security.jgss" type="simple" />
            <root url="jar://C:/MySoftware/Environment/Java/graalvm-ce-java17-22.2.0/lib/src.zip!/java.security.jgss" type="simple" />
            <root url="jar://C:/MySoftware/Environment/Java/graalvm-ce-java17-22.2.0/lib/src.zip!/java.security.sasl" type="simple" />
            <root url="jar://C:/MySoftware/Environment/Java/graalvm-ce-java17-22.2.0/lib/src.zip!/jdk.internal.vm.ci" type="simple" />
            <root url="jar://C:/MySoftware/Environment/Java/graalvm-ce-java17-22.2.0/lib/src.zip!/jdk.management.jfr" type="simple" />
            <root url="jar://C:/MySoftware/Environment/Java/graalvm-ce-java17-22.2.0/lib/src.zip!/java.management.rmi" type="simple" />
            <root url="jar://C:/MySoftware/Environment/Java/graalvm-ce-java17-22.2.0/lib/src.zip!/java.transaction.xa" type="simple" />
            <root url="jar://C:/MySoftware/Environment/Java/graalvm-ce-java17-22.2.0/lib/src.zip!/jdk.crypto.cryptoki" type="simple" />
            <root url="jar://C:/MySoftware/Environment/Java/graalvm-ce-java17-22.2.0/lib/src.zip!/org.graalvm.locator" type="simple" />
            <root url="jar://C:/MySoftware/Environment/Java/graalvm-ce-java17-22.2.0/lib/src.zip!/org.graalvm.truffle" type="simple" />
            <root url="jar://C:/MySoftware/Environment/Java/graalvm-ce-java17-22.2.0/lib/src.zip!/jdk.incubator.vector" type="simple" />
            <root url="jar://C:/MySoftware/Environment/Java/graalvm-ce-java17-22.2.0/lib/src.zip!/jdk.internal.jvmstat" type="simple" />
            <root url="jar://C:/MySoftware/Environment/Java/graalvm-ce-java17-22.2.0/lib/src.zip!/jdk.management.agent" type="simple" />
            <root url="jar://C:/MySoftware/Environment/Java/graalvm-ce-java17-22.2.0/lib/src.zip!/jdk.incubator.foreign" type="simple" />
            <root url="jar://C:/MySoftware/Environment/Java/graalvm-ce-java17-22.2.0/lib/src.zip!/jdk.unsupported.desktop" type="simple" />
            <root url="jar://C:/MySoftware/Environment/Java/graalvm-ce-java17-22.2.0/lib/src.zip!/com.oracle.truffle.regex" type="simple" />
            <root url="jar://C:/MySoftware/Environment/Java/graalvm-ce-java17-22.2.0/lib/src.zip!/jdk.internal.vm.compiler" type="simple" />
            <root url="jar://C:/MySoftware/Environment/Java/graalvm-ce-java17-22.2.0/lib/src.zip!/org.graalvm.nativeimage.llvm" type="simple" />
            <root url="jar://C:/MySoftware/Environment/Java/graalvm-ce-java17-22.2.0/lib/src.zip!/com.oracle.svm.svm_enterprise" type="simple" />
            <root url="jar://C:/MySoftware/Environment/Java/graalvm-ce-java17-22.2.0/lib/src.zip!/com.oracle.truffle.truffle_nfi" type="simple" />
            <root url="jar://C:/MySoftware/Environment/Java/graalvm-ce-java17-22.2.0/lib/src.zip!/com.oracle.graal.graal_enterprise" type="simple" />
            <root url="jar://C:/MySoftware/Environment/Java/graalvm-ce-java17-22.2.0/lib/src.zip!/jdk.internal.vm.compiler.management" type="simple" />
            <root url="jar://C:/MySoftware/Environment/Java/graalvm-ce-java17-22.2.0/lib/src.zip!/com.oracle.svm_enterprise.ml_dataset" type="simple" />
            <root url="jar://C:/MySoftware/Environment/Java/graalvm-ce-java17-22.2.0/lib/src.zip!/jdk.internal.vm.compiler.truffle.jfr" type="simple" />
            <root url="jar://C:/MySoftware/Environment/Java/graalvm-ce-java17-22.2.0/lib/src.zip!/org.graalvm.nativeimage.junitsupport" type="simple" />
            <root url="jar://C:/MySoftware/Environment/Java/graalvm-ce-java17-22.2.0/lib/src.zip!/com.oracle.truffle.truffle_nfi_libffi" type="simple" />
          </root>
        </sourcePath>
      </roots>
      <additional />
    </jdk>
  </component>
</application>